discount_category,total_revenue,avg_order_value,order_count,total_quantity,avg_quantity,avg_discount,avg_discount_pct
No Discount,750698.61,570.0065375854214,1317,28599,21.715261958997722,0.0,0.0
1-5%,147905.525,770.3412760416667,192,5194,27.052083333333332,0.04911458333333333,4.911458333333333
6-10%,91563.059,526.2244770114942,174,4368,25.103448275862068,0.09977011494252873,9.977011494252872
11-15%,87506.174,557.3641656050955,157,4456,28.38216560509554,0.15,15.0
>15%,188119.6715,597.2053063492064,315,8700,27.61904761904762,0.22444444444444445,22.444444444444443
